Channel 1,Channel 2,Channel 3,Channel 4,Channel 5
9725,111,111,0,0
9716,115,113,0,0
9704,120,115,1,0
9745,115,115,0,0
9746,111,114,0,0
9734,106,113,0,0
9726,110,112,0,0
9753,106,111,0,0
9748,102,110,0,0
9734,102,109,0,0
9752,102,109,0,0
9748,96,108,0,0
9725,102,107,0,0
9720,102,107,0,0
9712,102,106,0,0
9743,102,106,0,0
9754,102,106,0,0
9736,101,105,0,0
9737,100,105,0,0
9728,101,105,0,0
9752,99,104,0,0
9744,96,103,0,0
9740,94,102,0,0
9748,94,101,0,0
9716,97,100,0,0
9718,97,100,0,0
9716,97,99,0,0
9747,97,99,0,0
9743,97,99,0,0
9754,94,98,0,0
9736,97,98,0,0
9760,97,98,0,0
9762,94,98,0,0
9737,94,97,0,0
9745,93,97,0,0
9752,92,96,0,0
9752,92,96,0,0
9741,92,95,0,0
9723,92,95,0,0
9744,92,94,0,0
9779,92,94,0,0
9757,91,94,0,0
9754,90,94,0,0
9761,90,93,0,0
9759,86,93,0,0
9769,84,92,0,0
9770,83,91,0,0
9770,82,91,0,0
9768,80,90,0,0
9763,78,89,0,0
9739,78,88,0,0
9745,80,87,0,0
9762,80,87,0,0
9751,80,86,0,0
9762,78,85,0,0
9775,76,84,0,0
9761,75,83,0,0
9773,74,83,0,0
9779,74,82,0,0
9777,73,81,0,0
9755,74,80,0,0
9762,74,79,0,0
9738,74,78,0,0
9759,74,77,0,0
9784,73,77,0,0
9777,73,76,0,0
9782,73,76,0,0
9773,73,75,0,0
9770,73,75,0,0
9785,70,74,0,0
9780,64,74,0,0
9777,63,73,0,0
9776,62,72,0,0
9758,62,71,0,0
9757,62,70,0,0
9765,63,70,0,0
9787,61,69,0,0
9769,61,68,0,0
9781,61,68,0,0
9780,61,67,0,0
9776,60,66,0,0
9772,60,66,0,0
9795,59,65,0,0
9793,59,64,0,0
9787,59,63,0,0
9791,57,63,0,0
9768,59,62,0,0
9741,59,61,0,0
9761,59,61,0,0
9785,59,60,0,0
9796,59,60,0,0
9774,60,60,0,0
9789,58,59,0,0
9786,55,59,0,0
9797,53,59,0,0
9783,52,58,0,0
9792,52,58,0,0
9792,50,57,0,0
9772,50,57,0,0
9761,50,56,0,0
9787,49,55,0,0
9808,49,55,0,0
9806,49,54,0,0
9776,49,54,0,0
9797,49,53,0,0
9789,49,53,0,0
9796,48,52,0,0
9792,47,52,0,0
9796,45,51,0,0
9803,44,50,0,0
9781,45,50,0,0
9767,45,49,0,0
9791,44,48,0,0
9794,44,48,0,0
9789,44,47,0,0
9807,44,47,0,0
9785,44,46,0,0
9793,44,46,0,0
9813,43,46,0,0
9798,42,45,0,0
9809,41,45,0,0
9789,42,45,0,0
9766,43,44,0,0
9766,43,44,0,0
9779,44,44,0,0
9795,43,43,0,1
9787,44,43,0,0
9768,46,43,0,0
9764,47,43,0,0
9749,48,44,0,0
9735,48,44,0,0
9724,48,44,0,0
9704,50,44,0,0
9690,54,45,0,0
9678,62,46,0,0
9646,69,47,0,0
9634,70,48,0,0
9651,71,49,0,0
9653,79,51,0,0
9651,94,54,0,0
9672,106,57,0,0
9667,122,61,0,0
9678,139,66,0,0
9672,152,71,0,0
9685,154,77,0,0
9694,154,82,0,0
9704,154,88,0,0
9688,154,93,0,0
9682,156,99,0,0
9725,156,104,0,0
9726,156,110,0,0
9731,156,115,0,0
9737,156,120,0,0
9740,156,125,0,0
9721,152,130,0,0
9737,149,134,0,0
9749,145,138,0,0
9754,137,141,0,0
9752,123,143,0,0
9731,113,144,1,0
9720,113,144,0,0
9726,110,144,0,0
9749,110,142,0,0
9730,108,140,0,0
9741,105,138,0,0
9740,105,135,0,0
9742,102,133,0,0
9749,99,130,0,0
9764,97,127,0,0
9766,96,124,0,0
9768,95,121,0,0
9764,94,118,0,0
9736,94,115,0,0
9739,94,112,0,0
9742,94,109,0,0
9756,90,106,0,0
9772,90,103,0,0
9767,90,101,0,0
9751,90,99,0,0
9758,87,98,0,0
9756,86,96,0,0
9751,85,95,0,0
9765,82,94,0,0
9773,80,92,0,0
9764,79,91,0,0
9737,79,90,0,0
9741,79,89,0,0
9780,75,87,0,0
9773,75,86,0,0
9763,75,85,0,0
9759,77,84,0,0
9758,78,83,0,0
9757,78,83,0,0
9765,77,82,0,0
9778,75,81,0,0
9763,73,80,0,0
9774,73,79,0,0
9765,73,78,0,0
9757,73,77,0,0
9739,73,77,0,0
9757,73,76,0,0
9764,72,75,0,0
9768,72,75,0,0
9764,72,75,0,0
9788,72,74,0,0
9773,72,74,0,0
9785,71,73,0,0
9769,71,73,0,0
9780,71,73,0,0
9784,71,73,0,0
9768,69,72,0,0
9757,69,72,0,0
9759,69,72,0,0
9782,68,71,0,0
9794,68,71,0,0
9771,67,70,0,0
9787,67,70,0,0
9790,66,70,0,0
9797,64,69,0,0
9797,59,69,0,0
9792,55,68,0,0
9801,53,67,0,0
9780,53,66,0,0
9768,53,65,0,0
9768,55,64,0,0
9771,55,63,0,0
9814,55,62,0,0
9801,53,62,0,0
9791,50,60,0,0
9797,47,59,0,0
9802,45,58,0,0
9808,44,57,0,0
9796,43,56,0,0
9809,41,54,0,0
9812,39,53,0,0
9804,39,51,0,0
9778,39,50,0,0
9770,39,49,0,0
9793,39,47,0,0
9801,39,46,0,0
9794,39,46,0,0
9797,39,45,0,0
9803,39,44,0,0
9794,39,43,0,0
9807,37,43,0,0
9811,35,42,0,0
9813,35,41,0,0
9790,37,40,0,0
9767,37,39,0,0
9791,37,39,0,0
9802,37,38,0,0
9810,37,38,0,0
9806,34,37,0,0
9806,34,37,0,0
9799,36,37,0,0
9805,36,37,0,0
9794,36,37,0,0
9800,35,36,0,0
9810,34,36,0,0
9822,33,36,0,0
9774,33,36,0,0
9782,33,35,0,0
9780,35,35,0,0
9812,32,35,0,0
9813,32,34,0,0
9812,32,34,0,0
9812,32,34,0,0
9799,32,34,0,0
9825,30,34,0,0
9829,30,33,0,0
9807,29,33,0,0
9818,29,32,0,0
9814,27,32,0,0
9788,27,32,0,0
9775,27,31,0,0
9811,25,31,0,0
9822,24,30,0,0
9809,24,30,0,0
9828,24,29,0,0
9811,24,29,0,0
9819,24,28,0,0
9819,24,28,0,0
9820,23,27,0,0
9824,22,27,0,0
9805,23,26,0,0
9798,23,26,0,0
9784,23,25,0,0
9793,23,25,0,0
9835,23,24,0,0
9805,25,24,0,0
9808,25,24,0,0
9813,25,24,0,0
9822,25,24,0,0
9827,24,24,0,0
9820,20,23,0,0
9822,17,23,0,0
9828,17,22,0,1
9797,17,22,0,0
9778,20,22,0,0
9778,20,22,0,0
9802,25,22,0,0
9770,29,22,0,0
9759,31,22,0,0
9762,32,23,0,0
9726,36,24,0,0
9712,36,24,0,0
9715,36,25,0,0
9703,36,25,0,0
9683,48,27,0,0
9689,58,28,0,0
9668,62,30,0,0
9711,70,32,0,0
9693,75,35,0,0
9685,93,38,0,0
9697,115,43,0,0
9710,122,48,0,0
9701,124,54,0,0
9706,125,59,0,0
9719,125,64,0,0
9747,125,70,0,0
9732,125,75,0,0
9732,125,79,0,0
9731,125,84,0,0
9722,125,89,0,0
9755,125,93,0,0
9757,125,98,0,0
9748,125,102,0,0
9772,121,106,0,0
9754,115,110,0,0
9753,109,112,0,0
9765,104,114,0,0
9754,104,116,0,0
9763,96,117,1,0
9766,88,117,0,0
9765,85,115,0,0
9741,85,114,0,0
9765,82,111,0,0
9770,82,109,0,0
9770,81,107,0,0
9764,80,105,0,0
9782,76,102,0,0
9772,72,100,0,0
9772,71,97,0,0
9781,71,94,0,0
9794,71,92,0,0
9777,70,89,0,0
9774,68,86,0,0
9739,70,84,0,0
9775,68,81,0,0
9788,66,79,0,0
9785,65,77,0,0
9771,64,75,0,0
9783,64,73,0,0
9767,64,72,0,0
9780,63,71,0,0
9788,61,70,0,0
9790,60,69,0,0
9778,58,68,0,0
9768,58,67,0,0
9746,58,65,0,0
9785,58,65,0,0
9774,58,64,0,0
9783,57,63,0,0
9764,58,62,0,0
9784,58,62,0,0
9776,59,61,0,0
9771,59,61,0,0
9804,57,60,0,0
9789,54,59,0,0
9787,54,59,0,0
9776,57,58,0,0
9757,57,58,0,0
9795,57,58,0,0
9783,54,57,0,0
9787,53,57,0,0
9769,55,56,0,0
9783,55,56,0,0
9785,53,56,0,0
9808,53,56,0,0
9815,52,55,0,0
9797,52,55,0,0
9802,51,55,0,0
9769,51,54,0,0
9779,51,54,0,0
9767,52,54,0,0
9786,50,53,0,0
9808,49,53,0,0
9788,49,52,0,0
9802,49,52,0,0
9822,49,52,0,0
9800,48,52,0,0
9808,44,51,0,0
9808,43,50,0,0
9813,37,49,0,0
9773,37,49,0,0
9794,37,48,0,0
9778,37,47,0,0
9807,35,46,0,0
9820,35,45,0,0
9791,37,44,0,0
9810,35,43,0,0
9820,35,43,0,0
9805,32,42,0,0
9811,30,41,0,0
9813,28,39,0,0
9821,28,38,0,0
9831,28,37,0,0
9802,28,36,0,0
9759,28,35,0,0
9802,28,34,0,0
9824,28,33,0,0
9826,27,32,0,0
9819,25,31,0,0
9814,25,31,0,0
9824,24,30,0,0
9807,24,29,0,0
9816,22,29,0,0
9822,21,28,0,0
9821,21,27,0,0
9797,21,26,0,0
9794,21,26,0,0
9802,22,25,0,0
9820,21,25,0,0
9810,21,24,0,0
9807,21,24,0,0
9818,21,23,0,0
9809,24,23,0,0
9809,24,23,0,0
9836,21,23,0,0
9817,19,22,0,0
9826,19,22,0,0
9811,21,21,0,0
9799,23,21,0,0
9804,25,21,0,0
9827,25,21,0,0
9828,22,21,0,0
9823,22,21,0,0
9821,22,21,0,0
9820,22,21,0,0
9800,22,21,0,0
9834,18,21,0,0
9826,17,21,0,0
9827,17,21,0,0
9824,15,21,0,0
9802,15,20,0,0
9804,15,20,0,0
9827,14,19,0,0
9842,12,19,0,0
9825,12,18,0,0
9824,12,18,0,0
9817,12,18,0,0
9810,12,17,0,0
9810,12,17,0,0
9787,12,16,0,0
9763,14,15,0,1
9758,15,15,0,0
9727,17,15,0,0
9716,22,15,0,0
9720,26,15,0,0
9705,26,15,0,0
9686,29,16,0,0
9709,33,17,0,0
9667,41,18,0,0
9676,61,20,0,0
9689,75,23,0,0
9687,93,27,0,0
9697,112,32,0,0
9704,118,37,0,0
9671,123,43,0,0
9672,129,49,0,0
9692,131,55,0,0
9716,131,61,0,0
9726,131,66,0,0
9729,131,72,0,0
9737,131,78,0,0
9741,131,84,0,0
9776,131,90,0,0
9767,131,95,0,0
9754,131,100,0,0
9744,129,106,0,0
9750,123,110,0,0
9717,119,115,0,0
9754,114,118,0,0
9773,108,121,0,0
9760,103,122,1,0
9758,97,122,0,0
9774,93,121,0,0
9766,89,120,0,0
9781,84,118,0,0
9788,82,116,0,0
9781,80,113,0,0
9788,77,110,0,0
9761,75,107,0,0
9758,75,105,0,0
9755,75,102,0,0
9793,72,99,0,0
9781,72,96,0,0
9784,72,93,0,0
9788,66,90,0,0
9769,65,87,0,0
9792,62,84,0,0
9789,58,80,0,0
9795,55,78,0,0
9787,55,75,0,0
9774,55,72,0,0
9765,55,70,0,0
9778,55,68,0,0
9806,53,67,0,0
9801,50,65,0,0
9782,53,64,0,0
9796,50,62,0,0
9783,52,61,0,0
9778,52,60,0,0
9805,50,58,0,0
9801,48,57,0,0
9800,48,56,0,0
9787,48,55,0,0
9762,48,53,0,0
9772,49,53,0,0
9806,48,52,0,0
9791,48,51,0,0
9777,49,51,0,0
9806,49,50,0,0
9789,48,50,0,0
9801,46,49,0,0
9801,42,49,0,0
9805,38,48,0,0
9803,38,47,0,0
9770,42,47,0,0
9784,42,46,0,0
9783,46,46,0,0
9795,43,46,0,0
9821,38,45,0,0
9791,43,45,0,0
9816,43,44,0,0
9812,43,44,0,0
9809,38,44,0,0
9820,35,43,0,0
9808,34,42,0,0
9819,34,41,0,0
9815,32,41,0,0
9804,31,40,0,0
9783,32,39,0,0
9815,31,38,0,0
9811,29,37,0,0
9810,27,36,0,0
9814,26,36,0,0
9813,25,35,0,0
9823,24,34,0,0
9812,24,33,0,0
9825,23,32,0,0
9830,22,31,0,0
9822,22,30,0,0
9845,21,29,0,0
9807,22,28,0,0
9811,22,27,0,0
9812,22,26,0,0
9829,22,26,0,0
9847,21,25,0,0
9810,22,25,0,0
9816,22,24,0,0
9820,21,24,0,0
9813,21,23,0,0
9827,21,22,0,0
9816,20,22,0,0
9836,18,22,0,0
9827,15,21,0,0
9839,13,20,0,0
9815,15,20,0,0
9828,12,19,0,0
9835,11,19,0,0
9826,12,18,0,0
9840,9,18,0,0
9820,13,17,0,0
9822,12,17,0,0
9840,9,16,0,0
9839,9,15,0,0
9854,9,15,0,0
9843,9,14,0,0
9834,8,13,0,0
9796,8,13,0,0
9797,8,12,0,0
9836,5,11,0,0
9846,1,10,0,0
9834,1,9,0,0
9845,1,9,0,0
9829,1,8,0,0
9826,2,7,0,0
9848,1,7,0,0
9849,0,6,0,0
9841,-1,5,0,0
9836,-1,5,0,0
9813,0,4,0,0
9816,0,4,0,0
9839,-1,3,0,0
9850,-1,2,0,0
9838,-1,2,0,0
9832,0,2,0,0
9838,0,1,0,0
9846,-1,1,0,0
9840,-2,0,0,0
9845,-2,0,0,0
9835,-2,0,0,0
9851,-2,0,0,0
9819,-2,0,0,0
9812,-2,0,0,0
9830,-2,0,0,0
9841,-2,-1,0,0
9836,-2,-1,0,0
9829,-1,-1,0,0
9841,-1,-1,0,0
9844,-2,-1,0,0
9826,-2,-1,0,0
9852,-2,-1,0,0
9851,-3,-1,0,0
9851,-3,-1,0,0
9847,-4,-1,0,0
9820,-4,-2,0,0
9824,-4,-2,0,0
9845,-4,-2,0,0
9859,-5,-2,0,0
9833,-2,-2,0,0
9839,-4,-2,0,0
9848,-4,-2,0,0
9844,-5,-2,0,0
9843,-6,-3,0,0
9835,-6,-3,0,0
9819,-6,-3,0,0
9773,-6,-3,0,0
9748,-6,-3,0,0
9768,-5,-4,0,1
9771,-1,-4,0,0
9756,-1,-4,0,0
9733,2,-3,0,0
9742,7,-3,0,0
9713,14,-2,0,0
9697,16,-1,0,0
9719,40,0,0,0
9722,64,4,0,0
9722,66,7,0,0
9717,74,11,0,0
9718,84,15,0,0
9687,91,20,0,0
9741,94,25,0,0
9749,94,30,0,0
9735,98,35,0,0
9755,98,40,0,0
9770,98,46,0,0
9767,98,51,0,0
9791,98,56,0,0
9781,98,61,0,0
9787,98,66,0,0
9768,98,71,0,0
9770,94,76,0,0
9767,91,80,0,0
9797,84,83,0,0
9799,75,86,0,0
9789,69,88,1,0
9814,68,88,0,0
9791,67,88,0,0
9801,66,88,0,0
9797,60,86,0,0
9816,52,84,0,0
9807,48,82,0,0
9799,46,80,0,0
9778,46,77,0,0
9770,46,75,0,0
9795,45,72,0,0
9812,43,69,0,0
9810,40,66,0,0
9794,40,63,0,0
9826,39,60,0,0
9814,38,57,0,0
9836,37,55,0,0
9826,36,52,0,0
9816,32,49,0,0
9773,32,47,0,0
9791,32,45,0,0
9787,36,44,0,0
9824,32,42,0,0
9818,27,40,0,0
9814,25,38,0,0
9817,25,37,0,0
9806,25,36,0,0
9811,24,35,0,0
9817,23,33,0,0
9829,22,32,0,0
9818,21,31,0,0
9802,21,30,0,0
9799,21,29,0,0
9797,21,28,0,0
9835,21,27,0,0
9819,19,26,0,0
9812,21,25,0,0
9816,21,25,0,0
9841,21,24,0,0
9825,19,23,0,0
9832,19,23,0,0
9827,18,22,0,0
9828,18,21,0,0
9790,19,21,0,0
9786,19,20,0,0
9803,19,20,0,0
9831,18,20,0,0
9824,17,19,0,0
9818,17,19,0,0
9833,17,19,0,0
9812,17,19,0,0
9831,14,18,0,0
9833,11,18,0,0
9830,10,17,0,0
9818,11,17,0,0
9817,11,16,0,0
9800,11,16,0,0
9802,11,15,0,0
9812,15,15,0,0
9844,15,15,0,0
9830,15,15,0,0
9835,15,15,0,0
9829,15,14,0,0
9836,9,14,0,0
9830,6,13,0,0
9850,6,13,0,0
9845,6,12,0,0
9854,6,11,0,0
9841,5,11,0,0
9831,5,10,0,0
9807,5,10,0,0
9831,5,9,0,0
9852,5,9,0,0
9842,5,9,0,0
9844,3,8,0,0
9853,0,8,0,0
9848,-2,7,0,0
9850,-5,6,0,0
9862,-7,5,0,0
9855,-7,4,0,0
9837,-7,3,0,0
9838,-7,2,0,0
9812,-7,1,0,0
9853,-8,0,0,0
9866,-10,0,0,0
9849,-10,-1,0,0
9839,-10,-2,0,0
9848,-10,-2,0,0
9859,-12,-3,0,0
9852,-12,-4,0,0
9858,-13,-5,0,0
9875,-15,-6,0,0
9861,-15,-7,0,0
9867,-16,-8,0,0
9840,-16,-9,0,0
9824,-15,-10,0,0
9847,-15,-10,0,0
9857,-16,-11,0,0
9862,-16,-11,0,0
9872,-16,-12,0,0
9844,-16,-12,0,0
9864,-19,-13,0,0
9864,-21,-14,0,0
9862,-22,-14,0,0
9868,-22,-15,0,0
9864,-24,-16,0,0
9829,-24,-16,0,0
9843,-24,-17,0,0
9859,-24,-18,0,0
9876,-25,-18,0,0
9860,-25,-19,0,0
9848,-24,-19,0,0
9876,-25,-20,0,0
9865,-25,-20,0,0
9862,-26,-21,0,0
9851,-26,-21,0,0
9889,-26,-22,0,0
9872,-27,-22,0,0
9873,-28,-23,0,0
9830,-27,-24,0,0
9833,-27,-24,0,0
9867,-27,-24,0,0
9866,-27,-25,0,0
9861,-27,-25,0,0
9873,-27,-25,0,0
9861,-25,-25,0,0
9856,-25,-25,0,0
9867,-27,-26,0,0
9874,-29,-26,0,0
9868,-29,-26,0,0
9861,-29,-26,0,0
9839,-29,-26,0,0
9832,-27,-27,0,0
9860,-25,-27,0,0
9881,-27,-27,0,0
9878,-30,-27,0,0
9872,-30,-27,0,0
9884,-30,-27,0,0
9869,-30,-27,0,0
9870,-31,-27,0,0
9882,-31,-28,0,0
9882,-32,-28,0,0
9868,-32,-28,0,0
9860,-32,-28,0,0
9864,-32,-29,0,0
9874,-32,-29,0,0
9882,-33,-29,0,0
9879,-35,-30,0,0
9879,-35,-30,0,0
9877,-37,-30,0,0
9870,-37,-31,0,0
9878,-39,-31,0,0
9883,-41,-32,0,0
9887,-42,-33,0,0
9872,-41,-34,0,0
9840,-39,-34,0,0
9847,-39,-35,0,0
9839,-37,-35,0,0
9835,-37,-35,0,0
9817,-37,-36,0,1
9791,-35,-36,0,0
9783,-33,-36,0,0
9789,-31,-36,0,0
9762,-31,-36,0,0
9751,-22,-35,0,0
9741,-7,-34,0,0
9747,-3,-32,0,0
9723,-1,-31,0,0
9704,10,-28,0,0
9724,32,-25,0,0
9745,46,-21,0,0
9745,50,-16,0,0
9746,63,-11,0,0
9760,75,-5,0,0
9763,75,0,0,0
9787,75,5,0,0
9779,75,11,0,0
9789,75,16,0,0
9800,75,22,0,0
9775,75,28,0,0
9767,75,33,0,0
9783,75,39,0,0
9809,75,44,0,0
9817,74,49,0,0
9807,71,54,0,0
9822,65,57,0,0
9813,59,60,0,0
9813,55,63,0,0
9833,51,65,0,0
9832,48,66,1,0
9832,41,66,0,0
9799,36,65,0,0
9813,32,64,0,0
9795,32,61,0,0
9801,32,59,0,0
9835,28,57,0,0
9842,25,54,0,0
9837,23,52,0,0
9817,23,49,0,0
9830,21,47,0,0
9824,19,44,0,0
9850,16,41,0,0
9846,13,38,0,0
9849,9,34,0,0
9835,5,31,0,0
9820,5,28,0,0
9814,5,25,0,0
9845,4,23,0,0
9857,4,21,0,0
9823,5,18,0,0
9851,3,17,0,0
9838,1,15,0,0
9838,0,13,0,0
9849,-1,12,0,0
9838,-2,10,0,0
9841,-2,8,0,0
9824,-2,7,0,0
9809,-2,6,0,0
9809,-2,4,0,0
9841,-2,3,0,0
9836,-2,2,0,0
9829,-2,1,0,0
9832,-1,1,0,0
9838,-1,0,0,0
9845,-2,0,0,0
9845,-2,0,0,0
9841,-2,0,0,0
9830,-2,0,0,0
9804,-2,-1,0,0
9800,-2,-1,0,0
9818,-1,-1,0,0
9838,-1,-1,0,0
9847,-1,-1,0,0
9831,2,-1,0,0
9842,2,-1,0,0
9835,2,-1,0,0
9843,0,-1,0,0
9859,-1,-1,0,0
9855,-2,-1,0,0
9857,-2,-1,0,0
9851,-3,-1,0,0
9836,-3,-1,0,0
9842,-5,-1,0,0
9836,-5,-1,0,0
9872,-5,-1,0,0
9872,-5,-1,0,0
9849,-6,-2,0,0
9858,-6,-2,0,0
9858,-9,-2,0,0
9879,-12,-3,0,0
9869,-14,-3,0,0
9867,-17,-4,0,0
9877,-20,-5,0,0
9841,-20,-6,0,0
9830,-20,-7,0,0
9838,-20,-8,0,0
9873,-21,-9,0,0
9866,-21,-10,0,0
9867,-22,-11,0,0
9872,-26,-13,0,0
9868,-30,-14,0,0
9877,-31,-15,0,0
9866,-31,-17,0,0
9878,-31,-18,0,0
9879,-31,-19,0,0
9857,-31,-20,0,0
9858,-31,-22,0,0
9830,-31,-23,0,0
9872,-31,-24,0,0
9868,-31,-25,0,0
9873,-31,-26,0,0
9879,-32,-27,0,0
9876,-32,-27,0,0
9880,-34,-28,0,0
9883,-36,-29,0,0
9874,-36,-30,0,0
9881,-36,-30,0,0
9863,-36,-31,0,0
9868,-36,-32,0,0
9858,-36,-32,0,0
9863,-36,-33,0,0
9887,-36,-33,0,0
9868,-36,-33,0,0
9868,-34,-33,0,0
9889,-34,-33,0,0
9881,-36,-34,0,0
9896,-37,-34,0,0
9878,-39,-34,0,0
9886,-41,-35,0,0
9883,-42,-35,0,0
9889,-43,-36,0,0
9877,-43,-36,0,0
9878,-43,-37,0,0
9881,-43,-37,0,0
9929,-43,-38,0,0
9891,-45,-38,0,0
9878,-43,-39,0,0
9892,-45,-39,0,0
9880,-45,-40,0,0
9882,-45,-40,0,0
9887,-46,-40,0,0
9868,-45,-41,0,0
9861,-45,-41,0,0
9868,-45,-42,0,0
9888,-45,-42,0,0
9890,-46,-43,0,0
9872,-45,-43,0,0
9897,-46,-44,0,0
9888,-46,-44,0,0
9881,-45,-44,0,0
9892,-45,-44,0,0
9892,-48,-44,0,0
9889,-51,-45,0,0
9886,-51,-45,0,0
9866,-50,-46,0,1
9862,-48,-46,0,0
9845,-48,-46,0,0
9869,-45,-46,0,0
9865,-45,-46,0,0
9834,-40,-46,0,0
9825,-34,-45,0,0
9820,-34,-45,0,0
9793,-34,-44,0,0
9796,-34,-44,0,0
9799,-31,-43,0,0
9775,-29,-42,0,0
9773,-27,-41,0,0
9732,-17,-40,0,0
9748,-3,-37,0,0
9760,6,-35,0,0
9777,13,-32,0,0
9769,26,-28,0,0
9767,38,-24,0,0
9797,39,-19,0,0
9775,41,-15,0,0
9797,41,-10,0,0
9805,41,-6,0,0
9815,41,-2,0,0
9801,41,2,0,0
9793,43,6,0,0
9786,46,10,0,0
9806,46,14,0,0
9822,46,18,0,0
9831,46,22,0,0
9828,46,26,0,0
9826,41,29,0,0
9846,39,33,0,0
9835,37,35,0,0
9844,33,37,0,0
9847,30,38,0,0
9842,25,39,1,0
9832,17,38,0,0
9820,15,37,0,0
9821,14,36,0,0
9844,12,35,0,0
9859,9,33,0,0
9856,6,31,0,0
9853,4,29,0,0
9859,2,27,0,0
9856,-2,25,0,0
9873,-7,22,0,0
9877,-8,20,0,0
9873,-9,17,0,0
9843,-9,14,0,0
9828,-9,12,0,0
9836,-9,9,0,0
9857,-9,7,0,0
9874,-14,4,0,0
9853,-17,2,0,0
9861,-18,0,0,0
9872,-20,-2,0,0
9867,-20,-4,0,0
9872,-22,-6,0,0
9861,-23,-8,0,0
9868,-24,-9,0,0
9841,-24,-11,0,0
9832,-24,-13,0,0
9842,-24,-14,0,0
9885,-25,-15,0,0
9874,-28,-17,0,0
9855,-25,-18,0,0
9852,-23,-18,0,0
9879,-23,-19,0,0
9854,-23,-20,0,0
9854,-23,-20,0,0
9859,-24,-21,0,0
9860,-24,-22,0,0
9870,-24,-22,0,0
9848,-24,-23,0,0
9822,-23,-23,0,0
9836,-21,-23,0,0
9869,-21,-23,0,0
9865,-21,-23,0,0
9862,-21,-23,0,0
9875,-21,-23,0,0
9878,-23,-23,0,0
9856,-23,-23,0,0
9876,-25,-23,0,0
9883,-25,-23,0,0
9874,-25,-23,0,0
9866,-27,-23,0,0
9843,-27,-23,0,0
9868,-27,-23,0,0
9906,-29,-23,0,0
9891,-31,-24,0,0
9870,-32,-24,0,0
9888,-33,-25,0,0
9884,-33,-25,0,0
9886,-36,-26,0,0
9895,-38,-26,0,0
9882,-39,-27,0,0
9893,-41,-28,0,0
9886,-44,-30,0,0
9884,-46,-31,0,0
9852,-46,-32,0,0
9846,-46,-33,0,0
9891,-47,-34,0,0
9901,-48,-36,0,0
9880,-48,-37,0,0
9888,-49,-38,0,0
9903,-50,-39,0,0
9891,-51,-40,0,0
9899,-52,-41,0,0
9905,-52,-43,0,0
9879,-51,-44,0,0
9865,-51,-45,0,0
9853,-50,-45,0,0
9879,-50,-46,0,0
9896,-51,-47,0,0
9892,-51,-48,0,0
9901,-53,-48,0,0
9894,-53,-49,0,0
9898,-55,-50,0,0
9909,-55,-50,0,0
9904,-57,-51,0,0
9896,-59,-51,0,0
9883,-59,-52,0,0
9881,-57,-52,0,0
9878,-57,-53,0,0
9892,-57,-53,0,0
9915,-57,-53,0,0
9883,-57,-54,0,0
9899,-57,-54,0,0
9901,-57,-54,0,0
9897,-59,-55,0,0
9902,-60,-55,0,0
9910,-60,-56,0,0
9900,-61,-56,0,0
9890,-61,-57,0,0
9895,-61,-57,0,0
9877,-60,-57,0,0
9908,-61,-58,0,0
9929,-62,-58,0,0
9897,-61,-59,0,0
9913,-61,-59,0,0
9898,-61,-59,0,0
9908,-62,-59,0,0
9904,-63,-59,0,0
9916,-64,-60,0,0
9903,-65,-60,0,0
9905,-65,-60,0,0
9869,-65,-61,0,0
9895,-65,-61,0,0
9909,-66,-62,0,0
9918,-67,-62,0,0
9905,-68,-62,0,0
9911,-68,-63,0,0
9908,-69,-63,0,0
9901,-69,-64,0,0
9924,-70,-64,0,0
9906,-71,-65,0,0
9918,-71,-65,0,0
9914,-71,-66,0,0
9891,-71,-66,0,0
9882,-69,-67,0,0
9903,-69,-67,0,0
9920,-69,-67,0,0
9907,-70,-68,0,0
9913,-70,-68,0,0
9908,-71,-68,0,0
9906,-71,-69,0,0
9917,-72,-69,0,0
9908,-72,-69,0,0
9925,-72,-70,0,0
9909,-72,-70,0,0
9885,-72,-70,0,0
9876,-72,-70,0,0
9911,-72,-70,0,0
9916,-72,-70,0,0
9904,-72,-71,0,1
9894,-72,-71,0,0
9917,-72,-71,0,0
9904,-71,-71,0,0
9915,-72,-71,0,0
9919,-72,-71,0,0
9905,-72,-71,0,0
9894,-72,-71,0,0
9871,-72,-71,0,0
9873,-71,-71,0,0
9834,-69,-71,0,0
9868,-68,-71,0,0
9850,-68,-71,0,0
9799,-63,-70,0,0
9811,-58,-70,0,0
9788,-53,-69,0,0
9790,-49,-68,0,0
9791,-47,-66,0,0
9791,-36,-65,0,0
9795,-33,-63,0,0
9790,-23,-60,0,0
9761,-6,-57,0,0
9757,13,-53,0,0
9801,30,-48,0,0
9799,36,-42,0,0
9780,37,-37,0,0
9800,37,-31,0,0
9829,37,-26,0,0
9821,37,-20,0,0
9829,37,-15,0,0
9839,37,-10,0,0
9852,37,-4,0,0
9842,37,0,0,0
9826,36,5,0,0
9825,36,10,0,0
9845,35,14,0,0
9862,25,18,0,0
9854,13,21,0,0
9850,10,23,0,0
9867,8,25,0,0
9854,7,26,0,0
9862,2,27,1,0
9872,-4,26,0,0
9870,-7,24,0,0
9874,-11,22,0,0
9859,-15,19,0,0
9847,-15,17,0,0
9849,-15,14,0,0
9874,-17,11,0,0
9872,-18,9,0,0
9871,-20,6,0,0
9870,-24,3,0,0
9886,-26,0,0,0
9862,-26,-3,0,0
9873,-28,-6,0,0
9876,-32,-9,0,0
9869,-33,-12,0,0
9875,-34,-14,0,0
9865,-34,-17,0,0
9875,-34,-19,0,0
9881,-35,-21,0,0
9881,-36,-23,0,0
9883,-36,-24,0,0
9872,-36,-26,0,0
9885,-36,-27,0,0
9880,-37,-28,0,0
9884,-38,-29,0,0
9864,-38,-30,0,0
9846,-38,-31,0,0
9845,-38,-32,0,0
9886,-39,-33,0,0
9885,-39,-34,0,0
9878,-39,-35,0,0
9883,-41,-36,0,0
9873,-41,-36,0,0
9861,-40,-37,0,0
9884,-43,-37,0,0
9892,-44,-38,0,0
9881,-45,-38,0,0
9868,-45,-39,0,0
9860,-44,-39,0,0
9854,-43,-40,0,0
9888,-43,-40,0,0
9877,-43,-40,0,0
9878,-42,-41,0,0
9878,-42,-41,0,0
9871,-41,-41,0,0
9876,-41,-41,0,0
9885,-42,-41,0,0
9898,-42,-41,0,0
9884,-42,-42,0,0
9882,-42,-42,0,0
9860,-42,-42,0,0
9848,-41,-42,0,0
9879,-42,-42,0,0
9891,-42,-42,0,0
9885,-42,-42,0,0
9880,-42,-42,0,0
9899,-42,-42,0,0
9890,-43,-42,0,0
9901,-45,-42,0,0
9896,-47,-42,0,0
9899,-47,-42,0,0
9884,-48,-42,0,0
9881,-48,-43,0,0
9859,-48,-43,0,0
9894,-48,-43,0,0
9904,-49,-44,0,0
9904,-51,-44,0,0
9892,-51,-45,0,0
9910,-54,-45,0,0
9891,-55,-46,0,0
9913,-55,-47,0,0
9906,-57,-47,0,0
9913,-59,-48,0,0
9905,-61,-49,0,0
9887,-61,-50,0,0
9860,-61,-51,0,0
9900,-61,-52,0,0
9911,-63,-53,0,0
9909,-63,-54,0,0
9896,-63,-55,0,0
9918,-66,-56,0,0
9891,-66,-57,0,0
9911,-68,-58,0,0
9906,-68,-59,0,0
9909,-69,-60,0,0
9909,-70,-61,0,0
9889,-70,-62,0,0
9886,-70,-63,0,0
9865,-69,-63,0,0
9900,-69,-64,0,0
9914,-69,-65,0,0
9892,-66,-65,0,0
9892,-64,-65,0,0
9914,-64,-66,0,0
9920,-67,-66,0,0
9920,-71,-66,0,0
9899,-71,-67,0,0
9918,-71,-67,0,0
9892,-67,-67,0,0
9867,-67,-68,0,1
9890,-63,-67,1,0
9916,-67,-68,0,1
9919,-67,-67,1,0
9900,-64,-67,0,0
9932,-64,-67,0,0
9921,-64,-67,0,0
9925,-71,-67,0,0
9910,-76,-67,0,0
9902,-76,-67,0,0
9893,-76,-68,0,0
9907,-72,-68,0,0
9876,-72,-68,0,0
9868,-72,-69,0,0
9923,-72,-69,0,0
9918,-72,-69,0,0
9898,-68,-69,0,0
9908,-71,-69,0,0
9897,-68,-69,0,0
9920,-71,-69,0,0
9917,-73,-69,0,0
9921,-77,-70,0,0
9891,-73,-70,0,0
9896,-71,-71,0,0
9873,-71,-71,0,0
9918,-71,-71,0,0
9917,-71,-72,0,1
9905,-70,-72,0,0
9912,-70,-71,1,0
9938,-71,-71,0,0
9903,-71,-71,0,0
9928,-74,-71,0,0
9929,-78,-71,0,0
9929,-81,-72,0,0
9917,-81,-72,0,0
9921,-81,-73,0,0
9886,-81,-73,0,0
9892,-81,-74,0,0
9929,-81,-74,0,0
9909,-81,-75,0,0
9930,-81,-75,0,0
9912,-78,-75,0,0
9928,-81,-76,0,0
9927,-81,-76,0,0
9925,-83,-77,0,0
9924,-86,-78,0,0
9923,-87,-78,0,0
9912,-87,-79,0,0
9945,-88,-80,0,0
9920,-87,-81,0,0
9898,-87,-82,0,0
9908,-86,-82,0,0
9890,-84,-83,0,1
9873,-82,-83,0,0
9863,-80,-83,0,0
9846,-76,-82,0,0
9829,-76,-82,0,0
9819,-76,-82,0,0
9797,-74,-82,0,0
9769,-74,-81,0,0
9766,-67,-81,0,0
9787,-58,-80,0,0
9780,-45,-78,0,0
9776,-32,-75,0,0
9762,-18,-72,0,0
9792,-1,-68,0,0
9785,12,-63,0,0
9803,25,-57,0,0
9788,36,-51,0,0
9824,36,-45,0,0
9805,36,-39,0,0
9811,36,-33,0,0
9809,36,-27,0,0
9808,36,-21,0,0
9835,36,-15,0,0
9821,36,-9,0,0
9840,36,-4,0,0
9843,36,1,0,0
9851,32,6,0,0
9837,29,11,0,0
9861,27,16,0,0
9856,26,20,0,0
9865,20,24,0,0
9846,13,26,0,0
9848,6,27,1,0
9844,0,27,0,0
9869,-2,26,0,0
9872,-5,25,0,0
9874,-7,23,0,0
9867,-9,20,0,0
9861,-11,18,0,0
9866,-13,16,0,0
9861,-17,13,0,0
9884,-22,10,0,0
9881,-25,7,0,0
9868,-25,4,0,0
9847,-25,1,0,0
9858,-25,-1,0,0
9876,-27,-4,0,0
9884,-29,-7,0,0
9875,-30,-10,0,0
9889,-31,-13,0,0
9883,-32,-15,0,0
9881,-34,-18,0,0
9873,-36,-20,0,0
9884,-37,-22,0,0
9881,-38,-23,0,0
9875,-39,-25,0,0
9874,-39,-27,0,0
9849,-39,-28,0,0
9876,-39,-30,0,0
9876,-40,-31,0,0
9884,-40,-32,0,0
9872,-40,-33,0,0
9888,-40,-34,0,0
9887,-40,-35,0,0
9887,-42,-35,0,0
9876,-42,-36,0,0
9876,-42,-37,0,0
9872,-40,-38,0,0
9851,-40,-38,0,0
9835,-40,-38,0,0
9862,-40,-39,0,0
9891,-40,-39,0,0
9864,-40,-39,0,0
9882,-40,-40,0,0
9880,-40,-40,0,0
9885,-40,-40,0,0
9897,-40,-40,0,0
9882,-42,-40,0,0
9887,-45,-40,0,0
9881,-45,-40,0,0
9890,-45,-41,0,0
9860,-45,-41,0,0
9850,-44,-41,0,0
9887,-44,-41,0,0
9890,-44,-41,0,0
9874,-44,-42,0,0
9900,-45,-42,0,0
9885,-46,-42,0,0
9885,-47,-42,0,0
9909,-49,-43,0,0
9908,-49,-43,0,0
9888,-49,-44,0,0
9881,-49,-44,0,0
9857,-49,-45,0,0
9878,-49,-45,0,0
9905,-50,-46,0,0
9900,-50,-46,0,0
9888,-51,-46,0,0
9900,-51,-47,0,0
9903,-52,-47,0,0
9897,-52,-47,0,0
9913,-53,-48,0,0
9910,-57,-49,0,0
9906,-62,-49,0,0
9903,-64,-50,0,0
9870,-64,-51,0,0
9874,-62,-52,0,0
9890,-62,-53,0,0
9909,-64,-54,0,0
9908,-64,-55,0,0
9896,-62,-55,0,0
9922,-64,-56,0,0
9902,-65,-57,0,0
9910,-66,-58,0,0
9906,-67,-59,0,0
9910,-67,-59,0,0
9891,-67,-60,0,0
9883,-67,-61,0,0
9887,-67,-62,0,0
9885,-66,-63,0,0
9910,-68,-63,0,0
9909,-68,-64,0,0
9898,-66,-65,0,0
9894,-64,-65,0,0
9914,-64,-65,0,0
9930,-68,-65,0,0
9919,-71,-65,0,0
9912,-72,-66,0,0
9920,-72,-66,0,0
9870,-71,-67,0,0
9887,-71,-67,0,0
9895,-68,-67,0,0
9907,-70,-68,0,0
9906,-70,-68,0,0
9913,-70,-68,0,0
9913,-70,-68,0,0
9908,-71,-68,0,0
9920,-72,-68,0,0
9907,-72,-69,0,0
9918,-73,-69,0,0
9929,-74,-69,0,0
9906,-74,-70,0,0
9894,-74,-70,0,0
9887,-74,-71,0,0
9897,-71,-71,0,0
9931,-71,-71,0,0
9902,-71,-71,0,0
9920,-71,-71,0,0
9910,-71,-71,0,0
9911,-71,-71,0,0
9919,-73,-71,0,0
9909,-73,-71,0,0
9928,-74,-72,0,0
9903,-74,-72,0,0
9879,-73,-72,0,0
9881,-72,-72,0,0
9906,-72,-72,0,0
9913,-72,-72,0,0
9917,-73,-72,0,0
9921,-73,-72,0,0
9916,-73,-72,0,0
9921,-74,-72,0,0
9916,-76,-72,0,0
9916,-78,-72,0,0
9922,-80,-73,0,0
9927,-80,-73,0,0
9905,-80,-74,0,0
9912,-78,-74,0,0
9899,-78,-74,0,0
9924,-80,-75,0,0
9916,-80,-75,0,0
9905,-80,-76,0,0
9920,-80,-76,0,0
9921,-80,-76,0,0
9924,-80,-76,0,0
9916,-80,-77,0,0
9918,-80,-77,0,0
9930,-81,-78,0,0
9907,-81,-78,0,0
9900,-80,-78,0,0
9895,-80,-79,0,1
9920,-80,-79,0,0
9906,-80,-79,0,0
9905,-80,-79,0,0
9911,-78,-79,0,0
9899,-75,-79,0,0
9898,-75,-79,0,0
9888,-73,-79,0,0
9866,-73,-78,0,0
9848,-70,-78,0,0
9842,-69,-77,0,0
9804,-69,-77,0,0
9752,-66,-76,0,0
9778,-63,-75,0,0
9777,-62,-74,0,0
9763,-60,-73,0,0
9752,-55,-72,0,0
9759,-41,-70,0,0
9758,-21,-67,0,0
9771,-9,-63,0,0
9777,13,-59,0,0
9771,45,-53,0,0
9774,58,-46,0,0
9758,59,-39,0,0
9753,60,-32,0,0
9770,63,-25,0,0
9816,63,-18,0,0
9787,63,-11,0,0
9818,63,-4,0,0
9826,63,1,0,0
9834,63,8,0,0
9831,63,14,0,0
9851,60,21,0,0
9854,60,27,0,0
9846,60,33,0,0
9835,54,39,0,0
9836,34,43,0,0
9840,19,46,0,0
9873,14,48,0,0
9861,7,49,1,0
9839,3,48,0,0
9848,1,46,0,0
9879,0,43,0,0
9864,-1,40,0,0
9860,-3,37,0,0
9866,-7,33,0,0
9865,-11,30,0,0
9866,-13,26,0,0
9840,-13,22,0,0
9830,-13,18,0,0
9878,-16,14,0,0
9871,-21,10,0,0
9859,-23,6,0,0
9868,-24,2,0,0
9882,-26,-1,0,0
9853,-26,-5,0,0
9858,-26,-8,0,0
9871,-28,-11,0,0
9865,-28,-13,0,0
9869,-29,-15,0,0
9849,-29,-16,0,0
9855,-29,-18,0,0
9870,-29,-19,0,0
9884,-29,-21,0,0
9868,-30,-22,0,0
9864,-29,-23,0,0
9881,-31,-24,0,0
9884,-32,-25,0,0
9851,-32,-26,0,0
9866,-32,-27,0,0
9862,-31,-28,0,0
9872,-31,-28,0,0
9868,-32,-29,0,0
9854,-31,-29,0,0
9862,-29,-29,0,0
9865,-29,-29,0,0
9857,-29,-29,0,0
9856,-29,-30,0,0
9894,-29,-30,0,0
9873,-29,-30,0,0
9871,-31,-30,0,0
9874,-32,-30,0,0
9881,-32,-30,0,0
9871,-32,-30,0,0
9869,-32,-30,0,0
9848,-32,-30,0,0
9844,-31,-30,0,0
9887,-31,-30,0,0
9875,-32,-30,0,0
9872,-34,-30,0,0
9858,-34,-31,0,0
9883,-34,-31,0,0
9876,-35,-31,0,0
9883,-35,-31,0,0
9891,-36,-31,0,0
9869,-36,-32,0,0
9881,-37,-32,0,0
9878,-38,-33,0,0
9859,-37,-33,0,0
9871,-37,-33,0,0
9887,-38,-34,0,0
9884,-39,-34,0,0
9880,-39,-34,0,0
9898,-41,-35,0,0
9876,-41,-35,0,0
9895,-43,-36,0,0
9891,-44,-37,0,0
9895,-44,-37,0,0
9889,-46,-38,0,0
9876,-46,-39,0,0
9861,-46,-39,0,0
9866,-44,-40,0,0
9900,-46,-40,0,0
9905,-46,-41,0,0
9893,-46,-41,0,0
9894,-49,-42,0,0
9900,-52,-43,0,0
9905,-54,-43,0,0
9909,-56,-44,0,0
9896,-57,-45,0,0
9921,-58,-46,0,0
9872,-58,-47,0,0
9867,-58,-48,0,0
9869,-57,-49,0,0
9897,-58,-50,0,0
9919,-58,-51,0,0
9884,-58,-51,0,0
9895,-58,-52,0,0
9900,-59,-53,0,0
9897,-60,-53,0,0
9902,-61,-54,0,0
9896,-61,-55,0,0
9904,-61,-56,0,0
9910,-61,-57,0,0
9872,-61,-57,0,0
9874,-61,-58,0,0
9864,-60,-58,0,0
9897,-60,-59,0,0
9903,-60,-59,0,0
9901,-61,-59,0,0
9922,-61,-59,0,0
9909,-61,-59,0,0
9916,-62,-59,0,0
9912,-64,-60,0,0
9916,-65,-60,0,0
9906,-65,-61,0,0
9907,-66,-61,0,0
9884,-66,-61,0,0
9881,-66,-62,0,0
9923,-67,-62,0,0
9903,-67,-62,0,0
9894,-67,-63,0,0
9923,-68,-63,0,0
9921,-68,-63,0,0
9911,-70,-64,0,0
9914,-72,-64,0,0
9926,-74,-65,0,0
9908,-74,-66,0,0
9907,-74,-66,0,0
9892,-74,-67,0,0
9875,-72,-68,0,0
9911,-73,-68,0,0
9914,-73,-69,0,0
9899,-71,-69,0,0
9911,-71,-69,0,0
9926,-73,-70,0,0
9924,-75,-70,0,0
9916,-75,-71,0,0
9927,-76,-71,0,0
9922,-76,-72,0,0
9906,-76,-72,0,0
9885,-76,-73,0,0
9889,-75,-73,0,0
9910,-75,-73,0,0
9909,-74,-73,0,0
9907,-73,-74,0,1
9909,-73,-73,1,0
9905,-73,-73,0,0
9907,-73,-73,0,0
9915,-73,-73,0,0
9934,-74,-73,0,0
9918,-74,-73,0,0
9901,-73,-73,0,0
9875,-73,-74,0,1
9827,-73,-74,0,0
9845,-72,-74,0,0
9851,-71,-73,0,0
9814,-70,-73,0,0
9796,-69,-73,0,0
9799,-67,-72,0,0
9795,-59,-72,0,0
9786,-59,-71,0,0
9788,-52,-70,0,0
9776,-27,-67,0,0
9780,-12,-64,0,0
9756,0,-60,0,0
9758,15,-56,0,0
9782,29,-51,0,0
9771,38,-45,0,0
9780,40,-40,0,0
9807,40,-34,0,0
9790,43,-28,0,0
9804,43,-22,0,0
9816,43,-17,0,0
9834,43,-11,0,0
9834,43,-5,0,0
9846,43,0,0,0
9822,43,5,0,0
9801,43,11,0,0
9843,43,17,0,0
9852,40,21,0,0
9855,33,26,0,0
9849,30,30,0,0
9872,24,33,0,0
9867,17,34,0,0
9851,8,35,1,0
9861,2,34,0,0
9862,-2,32,0,0
9865,-8,30,0,0
9869,-11,28,0,0
9849,-13,25,0,0
9839,-13,22,0,0
9875,-14,19,0,0
9880,-15,16,0,0
9869,-17,13,0,0
9884,-22,10,0,0
9860,-24,7,0,0
9847,-24,3,0,0
9880,-25,0,0,0
9876,-27,-3,0,0
9881,-30,-6,0,0
9867,-31,-9,0,0
9835,-31,-12,0,0
9850,-30,-15,0,0
9863,-28,-17,0,0
9881,-30,-19,0,0
9887,-32,-21,0,0
9875,-33,-22,0,0
9886,-36,-24,0,0
9885,-39,-25,0,0
9874,-39,-27,0,0
9880,-39,-28,0,0
9861,-39,-29,0,0
9878,-39,-30,0,0
9866,-39,-31,0,0
9841,-38,-32,0,0
9847,-38,-33,0,0
9841,-38,-34,0,0
9878,-38,-34,0,0
9890,-38,-35,0,0
9865,-34,-35,0,0
9875,-38,-35,0,0
9872,-38,-36,0,0
9865,-38,-36,0,0
9871,-38,-37,0,1
9873,-37,-37,0,0
9874,-37,-37,0,0
9864,-36,-37,0,0
9857,-35,-37,0,0
9832,-32,-37,0,0
9891,-32,-37,0,0
9879,-32,-36,1,0
9877,-35,-36,0,0
9886,-35,-36,0,0
9882,-36,-36,0,0
9876,-37,-36,0,0
9878,-38,-36,0,0
9888,-39,-36,0,0
9893,-39,-36,0,0
9875,-39,-36,0,0
9852,-39,-36,0,0
9858,-38,-36,0,0
9901,-39,-36,0,0
9906,-40,-36,0,0
9913,-41,-36,0,0
9906,-42,-37,0,0
9903,-44,-37,0,0
9901,-48,-38,0,0
9908,-51,-38,0,0
9901,-53,-39,0,0
9906,-54,-40,0,0
9898,-59,-42,0,0
9900,-63,-43,0,0
9872,-63,-45,0,0
9864,-63,-46,0,0
9887,-63,-47,0,0
9911,-64,-49,0,0
9905,-65,-50,0,0
9894,-65,-51,0,0
9905,-65,-52,0,0
9888,-65,-54,0,0
9898,-65,-55,0,0
9900,-65,-56,0,0
9910,-65,-58,0,0
9882,-64,-59,0,0
9870,-64,-60,0,0
9879,-63,-61,0,0
9919,-63,-62,0,0
9913,-63,-62,0,0
9909,-63,-63,0,0
9919,-63,-63,0,0
9911,-64,-63,0,0
9892,-63,-63,0,0
9907,-66,-64,0,0
9910,-69,-64,0,0
9927,-70,-64,0,0
9911,-70,-65,0,0
9911,-72,-65,0,0
9897,-72,-65,0,0
9886,-72,-66,0,0
9926,-73,-66,0,0
9925,-74,-66,0,0
9896,-74,-67,0,0
9907,-73,-67,0,0
9923,-74,-68,0,0
9917,-75,-68,0,0
9917,-75,-69,0,0
9917,-75,-70,0,0
9923,-75,-70,0,0
9906,-75,-71,0,0
9893,-75,-71,0,0
9896,-74,-72,0,0
9921,-75,-72,0,0
9922,-78,-73,0,0
9893,-78,-73,0,0
9908,-75,-74,0,1
9903,-73,-74,0,0
9904,-71,-74,0,0
9891,-71,-74,0,0
9898,-71,-74,0,0
9871,-70,-74,0,0
9832,-69,-73,0,0
9849,-69,-73,0,0
9841,-67,-73,0,0
9829,-64,-72,0,0
9826,-61,-72,0,0
9793,-58,-71,0,0
9786,-57,-70,0,0
9772,-56,-69,0,0
9763,-45,-67,0,0
9766,-24,-65,0,0
9771,-9,-62,0,0
9774,0,-58,0,0
9741,5,-54,0,0
9735,8,-49,0,0
9756,26,-44,0,0
9783,46,-38,0,0
9762,51,-32,0,0
9771,57,-26,0,0
9779,59,-19,0,0
9772,63,-13,0,0
9804,63,-6,0,0
9805,63,0,0,0
9812,63,6,0,0
9806,63,12,0,0
9820,63,19,0,0
9802,63,25,0,0
9816,63,31,0,0
9819,59,36,0,0
9831,55,41,0,0
9831,43,45,0,0
9835,33,47,0,0
9834,31,48,0,0
9824,30,50,0,0
9836,27,51,1,0
9839,22,50,0,0
9837,18,49,0,0
9821,16,47,0,0
9834,15,45,0,0
9813,15,43,0,0
9814,15,41,0,0
9826,13,38,0,0
9839,11,35,0,0
9839,7,33,0,0
9841,5,30,0,0
9844,3,27,0,0
9853,2,24,0,0
9847,1,21,0,0
9846,0,18,0,0
9837,0,15,0,0
9854,-1,13,0,0
9827,-1,11,0,0
9839,-2,9,0,0
9868,-3,8,0,0
9841,-3,6,0,0
9844,-3,5,0,0
9856,-4,4,0,0
9832,-4,3,0,0
9860,-5,2,0,0
9864,-6,1,0,0
9857,-8,0,0,0
9856,-9,-1,0,0
9835,-9,-2,0,0
9816,-9,-2,0,0
9854,-10,-3,0,0
9868,-14,-4,0,0
9856,-14,-5,0,0
9858,-18,-6,0,0
9860,-19,-7,0,0
9852,-19,-8,0,0
9836,-19,-8,0,0
9865,-20,-9,0,0
9865,-20,-10,0,0
9862,-20,-11,0,0
9856,-20,-12,0,0
9831,-20,-13,0,0
9840,-20,-14,0,0
9855,-20,-14,0,0
9858,-20,-15,0,0
9858,-20,-16,0,0
9864,-20,-17,0,0
9853,-20,-17,0,0
9852,-20,-18,0,0
9875,-21,-18,0,0
9869,-22,-19,0,0
9868,-22,-19,0,0
9870,-22,-20,0,0
9877,-23,-20,0,0
9847,-22,-20,0,0
9887,-24,-20,0,0
9885,-27,-21,0,0
9889,-27,-21,0,0
9888,-27,-21,0,0
9888,-30,-22,0,0
9890,-32,-22,0,0
9879,-33,-23,0,0
9901,-36,-24,0,0
9892,-40,-25,0,0
9899,-42,-26,0,0
9866,-42,-27,0,0
9858,-42,-28,0,0
9857,-42,-29,0,0
9885,-46,-31,0,0
9895,-49,-32,0,0
9868,-49,-33,0,0
9890,-50,-35,0,0
9887,-51,-36,0,0
9877,-51,-38,0,0
9904,-51,-39,0,0
9884,-51,-40,0,0
9887,-51,-42,0,0
9877,-51,-43,0,0
9862,-50,-44,0,0
9869,-48,-45,0,0
9883,-47,-46,0,0
9888,-48,-46,0,0
9880,-47,-47,0,0
9875,-45,-47,0,0
9886,-45,-47,0,0
9890,-47,-48,0,0
9894,-48,-48,0,0
9881,-48,-48,0,0
9891,-49,-48,0,0
9892,-49,-48,0,0
9887,-50,-48,0,0
9889,-50,-48,0,0
9884,-49,-48,0,0
9879,-49,-48,0,0
9896,-49,-48,0,0
9876,-49,-48,0,0
9899,-49,-48,0,0
9899,-50,-48,0,0
9909,-51,-48,0,0
9882,-51,-48,0,0
9877,-51,-48,0,0
9851,-50,-48,0,0
9878,-50,-48,0,0
9895,-52,-49,0,0
9889,-53,-49,0,0
9885,-52,-49,0,0
9884,-50,-50,0,0
9900,-52,-50,0,0
9892,-52,-50,0,0
9890,-52,-50,0,0
9899,-53,-50,0,0
9888,-52,-50,0,0
9865,-52,-50,0,0
9872,-52,-51,0,1
9879,-50,-51,0,0
9902,-52,-51,0,0
9891,-52,-51,0,0
