Channel 1,Channel 2, Channel 3
9725,111,111
9716,115,113
9704,120,115
9745,115,115
9746,105,113
9734,96,109
9726,96,103
9753,96,98
9748,95,95
9734,95,95
9752,86,93
9748,88,91
9725,95,91
9720,99,92
9712,113,98
9743,113,105
9754,104,107
9736,96,106
9737,96,102
9728,99,98
9752,99,97
9744,95,97
9740,94,96
9748,90,94
9716,94,93
9718,107,96
9716,119,102
9747,119,109
9743,105,112
9754,91,108
9736,91,101
9760,87,93
9762,79,87
9737,87,86
9745,83,84
9752,87,84
9752,87,86
9741,87,86
9723,89,87
9744,93,89
9779,93,90
9757,85,90
9754,80,87
9761,77,83
9759,78,80
9769,76,77
9770,71,75
9770,66,72
9768,66,69
9763,67,67
9739,70,67
9745,82,71
9762,82,75
9751,88,80
9762,79,82
9775,74,80
9761,74,78
9773,68,73
9779,62,69
9777,61,66
9755,61,63
9762,66,62
9738,77,66
9759,79,70
9784,75,74
9777,68,74
9782,56,69
9773,56,63
9770,61,60
9785,58,57
9780,59,58
9777,57,58
9776,57,57
9758,59,58
9757,69,60
9765,74,64
9787,74,69
9769,69,71
9781,61,69
9780,55,64
9776,58,60
9772,58,58
9795,58,57
9793,51,56
9787,46,53
9791,44,49
9768,47,47
9741,58,48
9761,71,55
9785,71,61
9796,63,65
9774,56,65
9789,49,59
9786,48,54
9797,48,50
9783,48,48
9792,47,47
9792,44,46
9772,48,46
9761,54,48
9787,56,50
9808,56,53
9806,39,51
9776,39,47
9797,34,42
9789,43,38
9796,43,39
9792,42,40
9796,42,42
9803,40,41
9781,42,41
9767,47,42
9791,50,44
9794,50,47
9789,46,48
9807,43,47
9785,44,45
9793,45,44
9813,36,42
9798,40,41
9809,32,38
9789,32,35
9766,42,36
9766,58,41
9779,63,48
9795,63,56
9787,53,59
9768,53,58
9764,58,56
9749,70,58
9735,79,65
9724,94,75
9704,106,87
9690,122,100
9678,139,115
9646,152,129
9634,174,146
9651,187,163
9653,187,175
9651,185,183
9672,184,185
9667,176,183
9678,166,177
9672,164,172
9685,161,166
9694,154,161
9704,146,156
9688,145,151
9682,145,147
9725,140,144
9726,129,139
9731,110,131
9737,107,121
9740,102,112
9721,102,105
9737,99,102
9749,97,100
9754,93,97
9752,85,93
9731,85,90
9720,94,89
9726,107,92
9749,107,98
9730,108,104
9741,100,105
9740,95,102
9742,95,99
9749,94,96
9764,90,93
9766,79,89
9768,71,83
9764,71,77
9736,71,73
9739,84,74
9742,95,80
9756,95,86
9772,87,90
9767,74,87
9751,74,82
9758,73,77
9756,79,75
9751,82,77
9765,79,78
9773,75,78
9764,71,76
9737,71,74
9741,83,75
9780,83,77
9773,79,79
9763,68,78
9759,68,74
9758,75,72
9757,77,72
9765,77,74
9778,74,75
9763,72,75
9774,66,72
9765,66,69
9757,72,69
9739,75,69
9757,79,73
9764,79,76
9768,75,77
9764,72,76
9788,70,74
9773,65,70
9785,57,66
9769,57,62
9780,59,59
9784,54,56
9768,61,57
9757,62,59
9759,72,62
9782,72,66
9794,65,67
9771,59,67
9787,51,61
9790,47,55
9797,47,51
9797,42,46
9792,41,44
9801,39,42
9780,41,40
9768,50,42
9768,62,48
9771,66,54
9814,66,61
9801,50,61
9791,40,55
9797,37,48
9802,37,41
9808,36,37
9796,36,36
9809,31,35
9812,27,32
9804,29,30
9778,29,29
9770,45,32
9793,50,38
9801,50,43
9794,42,46
9797,40,45
9803,37,42
9794,40,39
9807,36,38
9811,31,36
9813,27,33
9790,27,30
9767,35,30
9791,45,33
9802,45,38
9810,39,41
9806,32,40
9806,30,36
9799,30,32
9805,30,30
9794,34,31
9800,36,32
9810,33,33
9822,31,33
9774,31,32
9782,40,33
9780,55,39
9812,55,45
9813,39,47
9812,24,43
9812,24,35
9799,24,27
9825,24,24
9829,17,22
9807,20,21
9818,14,18
9814,20,17
9788,25,19
9775,35,23
9811,36,29
9822,36,33
9809,26,33
9828,19,29
9811,19,25
9819,21,21
9819,17,19
9820,17,18
9824,16,17
9805,16,16
9798,23,18
9784,34,22
9793,40,28
9835,40,34
9805,37,37
9808,29,36
9813,25,32
9822,25,29
9827,18,24
9820,15,20
9822,14,18
9828,11,14
9797,15,13
9778,26,16
9778,48,25
9802,48,34
9770,58,45
9759,62,54
9762,70,59
9726,75,66
9712,93,75
9715,115,88
9703,122,101
9683,128,114
9689,140,126
9668,150,135
9711,150,142
9693,145,146
9685,147,148
9697,141,145
9710,141,143
9701,137,141
9706,132,137
9719,128,134
9747,123,130
9732,110,123
9732,104,116
9731,104,110
9722,104,105
9755,104,104
9757,93,101
9748,84,96
9772,80,90
9754,80,84
9753,82,81
9765,76,79
9754,82,80
9763,77,79
9766,72,76
9765,72,75
9741,72,73
9765,71,71
9770,71,71
9770,68,70
9764,68,69
9782,66,68
9772,65,66
9772,64,65
9781,59,63
9794,59,61
9777,57,59
9774,57,58
9739,60,58
9775,61,58
9788,61,59
9785,56,59
9771,56,58
9783,52,56
9767,59,55
9780,60,56
9788,54,56
9790,52,56
9778,52,54
9768,53,52
9746,63,55
9785,63,57
9774,65,61
9783,57,62
9764,57,60
9784,57,59
9776,56,56
9771,62,58
9804,56,57
9789,53,56
9787,48,54
9776,48,51
9757,54,50
9795,54,51
9783,56,53
9787,51,53
9769,51,53
9783,53,52
9785,52,51
9808,52,52
9815,39,49
9797,33,44
9802,31,38
9769,36,34
9779,48,37
9767,62,44
9786,62,52
9808,53,56
9788,49,56
9802,41,51
9822,31,43
9800,35,39
9808,31,34
9808,28,31
9813,28,30
9773,28,28
9794,35,29
9778,50,35
9807,50,40
9820,35,42
9791,37,43
9810,27,37
9820,21,30
9805,28,28
9811,25,25
9813,24,24
9821,24,25
9831,19,23
9802,19,21
9759,24,21
9802,34,24
9824,34,27
9826,23,28
9819,14,26
9814,14,21
9824,14,16
9807,19,15
9816,21,17
9822,17,17
9821,17,18
9797,17,18
9794,27,19
9802,36,24
9820,36,29
9810,30,32
9807,27,32
9818,22,28
9809,26,26
9809,27,25
9836,22,24
9817,23,24
9826,14,21
9811,14,18
9799,22,18
9804,28,19
9827,28,23
9828,20,24
9823,11,21
9821,11,17
9820,14,14
9800,15,12
9834,15,13
9826,13,14
9827,9,13
9824,9,11
9802,11,10
9804,22,12
9827,22,16
9842,20,18
9825,10,18
9824,10,15
9817,11,12
9810,15,11
9810,22,14
9787,26,18
9763,37,25
9758,61,36
9727,75,49
9716,93,66
9720,112,85
9705,118,99
9686,125,112
9709,129,121
9667,140,128
9676,155,137
9689,153,144
9687,154,150
9697,148,152
9704,143,149
9671,144,147
9672,151,146
9692,154,148
9716,154,150
9726,132,147
9729,115,138
9737,108,127
9741,103,114
9776,97,105
9767,82,97
9754,75,89
9744,75,82
9750,84,79
9717,89,80
9754,89,84
9773,84,86
9760,79,85
9758,77,82
9774,69,77
9766,73,74
9781,66,71
9788,58,66
9781,55,63
9788,51,57
9761,51,53
9758,65,55
9755,76,60
9793,76,67
9781,66,70
9784,53,67
9788,50,61
9769,53,55
9792,50,51
9789,47,50
9795,45,48
9787,45,46
9774,48,46
9765,55,48
9778,60,52
9806,60,55
9801,46,55
9782,44,52
9796,37,46
9783,46,43
9778,53,45
9805,46,45
9801,44,47
9800,35,44
9787,35,40
9762,42,39
9772,56,42
9806,56,47
9791,54,52
9777,52,54
9806,37,49
9789,46,47
9801,41,44
9801,35,39
9805,35,39
9803,34,36
9770,34,34
9784,42,36
9783,52,40
9795,52,45
9821,46,48
9791,43,48
9816,30,42
9812,22,35
9809,25,30
9820,22,24
9808,25,23
9819,22,23
9815,19,22
9804,24,22
9783,26,22
9815,26,23
9811,28,26
9810,25,26
9814,23,25
9813,24,25
9823,22,23
9812,22,22
9825,18,21
9830,12,18
9822,12,16
9845,8,12
9807,10,10
9811,19,12
9812,24,15
9829,24,19
9847,15,20
9810,15,19
9816,13,16
9820,18,15
9813,21,16
9827,18,17
9816,18,18
9836,14,17
9827,9,14
9839,4,11
9815,4,7
9828,8,6
9835,4,5
9826,9,6
9840,4,6
9820,5,5
9822,12,7
9840,5,6
9839,5,6
9854,-3,4
9843,-5,0
9834,-5,-2
9796,-2,-3
9797,20,2
9836,20,8
9846,19,14
9834,1,15
9845,-4,9
9829,-3,3
9826,4,0
9848,-1,-1
9849,-2,0
9841,-8,-1
9836,-8,-4
9813,-2,-5
9816,10,-2
9839,10,2
9850,8,6
9838,-2,6
9832,-2,3
9838,-2,0
9846,-2,-2
9840,-3,-2
9845,-6,-3
9835,-6,-4
9851,-6,-5
9819,-4,-5
9812,9,-1
9830,11,2
9841,11,6
9836,3,8
9829,3,7
9841,-2,3
9844,-2,0
9826,1,0
9852,-6,-2
9851,-11,-4
9851,-15,-7
9847,-15,-11
9820,-13,-13
9824,0,-10
9845,1,-6
9859,1,-2
9833,-3,0
9839,-6,-1
9848,-7,-3
9844,-5,-5
9843,-7,-6
9835,-7,-6
9819,-3,-5
9773,9,-2
9748,40,9
9768,65,27
9771,66,45
9756,74,61
9733,74,69
9742,87,75
9713,98,83
9697,113,93
9719,120,104
9722,120,112
9722,115,117
9717,115,117
9718,116,116
9687,118,116
9741,118,116
9749,106,114
9735,98,110
9755,91,103
9770,84,94
9767,75,87
9791,67,79
9781,60,71
9787,52,63
9768,52,57
9770,60,56
9767,67,57
9797,67,61
9799,52,61
9789,43,57
9814,38,50
9791,41,43
9801,40,40
9797,37,39
9816,37,38
9807,32,36
9799,33,34
9778,33,33
9770,47,36
9795,49,40
9812,49,44
9810,33,44
9794,33,41
9826,25,35
9814,24,28
9836,16,24
9826,10,18
9816,15,16
9773,15,14
9791,32,18
9787,47,27
9824,47,35
9818,31,39
9814,20,36
9817,18,29
9806,20,22
9811,23,20
9817,22,20
9829,22,21
9818,18,21
9802,18,20
9799,26,21
9797,35,24
9835,35,28
9819,27,30
9812,20,29
9816,18,25
9841,18,20
9825,15,17
9832,7,14
9827,6,11
9828,8,9
9790,8,7
9786,27,12
9803,39,20
9831,39,28
9824,22,31
9818,15,28
9833,8,21
9812,15,15
9831,11,12
9833,4,9
9830,5,8
9818,5,6
9817,12,6
9800,18,10
9802,26,15
9812,29,21
9844,29,25
9830,15,24
9835,3,19
9829,3,12
9836,3,6
9830,3,3
9850,3,3
9845,-4,1
9854,-11,-2
9841,-11,-5
9831,-7,-8
9807,0,-7
9831,5,-3
9852,5,0
9842,0,2
9844,-7,0
9853,-12,-3
9848,-10,-7
9850,-13,-10
9862,-15,-12
9855,-16,-13
9837,-16,-15
9838,-10,-14
9812,-1,-10
9853,-1,-7
9866,-9,-5
9849,-15,-6
9839,-15,-10
9848,-12,-12
9859,-12,-13
9852,-14,-13
9858,-19,-14
9875,-22,-16
9861,-23,-19
9867,-28,-23
9840,-28,-25
9824,-14,-23
9847,-7,-19
9857,-7,-14
9862,-16,-11
9872,-23,-13
9844,-23,-17
9864,-27,-22
9864,-28,-25
9862,-27,-26
9868,-28,-27
9864,-28,-27
9829,-27,-27
9843,-17,-25
9859,-15,-21
9876,-15,-18
9860,-23,-17
9848,-23,-19
9876,-32,-23
9865,-26,-26
9862,-27,-27
9851,-27,-28
9889,-27,-26
9872,-31,-28
9873,-36,-30
9830,-36,-32
9833,-16,-29
9867,-14,-25
9866,-13,-19
9861,-27,-17
9873,-30,-21
9861,-27,-24
9856,-25,-27
9867,-28,-27
9874,-28,-27
9868,-31,-28
9861,-31,-29
9839,-28,-29
9832,-14,-26
9860,-13,-21
9881,-13,-17
9878,-33,-18
9872,-39,-24
9884,-43,-32
9869,-39,-38
9870,-35,-39
9882,-40,-39
9882,-40,-38
9868,-40,-38
9860,-39,-39
9864,-30,-37
9874,-30,-34
9882,-33,-33
9879,-40,-33
9879,-43,-36
9877,-43,-39
9870,-42,-42
9878,-41,-42
9883,-41,-41
9887,-44,-42
9872,-44,-42
9840,-41,-42
9847,-23,-38
9839,-7,-28
9835,-3,-18
9817,-1,-8
9791,10,0
9783,32,9
9789,46,21
9762,50,34
9751,63,47
9741,79,59
9747,87,69
9723,92,80
9704,104,90
9724,112,98
9745,112,105
9745,101,107
9746,91,104
9760,90,98
9763,83,91
9787,74,84
9779,65,78
9789,53,68
9800,48,60
9775,52,54
9767,54,51
9783,57,52
9809,57,55
9817,40,52
9807,28,45
9822,23,37
9813,21,28
9813,23,23
9833,18,21
9832,13,18
9832,4,14
9799,4,9
9813,13,8
9795,30,12
9801,36,20
9835,29,27
9842,18,28
9837,0,20
9817,0,11
9830,2,5
9824,9,2
9850,9,5
9846,-2,4
9849,-11,1
9835,-11,-3
9820,-4,-7
9814,8,-4
9845,8,0
9857,3,3
9823,2,5
9851,-12,0
9838,-8,-3
9838,-2,-5
9849,-7,-7
9838,-2,-4
9841,-3,-3
9824,-3,-3
9809,5,0
9809,19,4
9841,19,10
9836,13,14
9829,3,13
9832,2,9
9838,2,5
9845,1,2
9845,-5,0
9841,-7,-2
9830,-7,-4
9804,0,-4
9800,19,1
9818,25,9
9838,25,17
9847,8,19
9831,1,14
9842,-4,7
9835,-2,0
9843,-2,-1
9859,-6,-3
9855,-13,-5
9857,-20,-10
9851,-20,-14
9836,-17,-17
9842,-10,-16
9836,-3,-12
9872,-3,-8
9872,-21,-9
9849,-24,-12
9858,-29,-19
9858,-22,-24
9879,-22,-24
9869,-27,-25
9867,-32,-25
9877,-37,-29
9841,-32,-32
9830,-18,-29
9838,-3,-22
9873,-3,-14
9866,-16,-10
9867,-30,-13
9872,-33,-20
9868,-31,-27
9877,-34,-32
9866,-34,-33
9878,-36,-33
9879,-41,-36
9857,-36,-36
9858,-32,-36
9830,-21,-32
9872,-21,-27
9868,-27,-25
9873,-34,-25
9879,-36,-29
9876,-38,-33
9880,-41,-37
9883,-43,-39
9874,-42,-41
9881,-44,-42
9863,-41,-42
9868,-35,-40
9858,-29,-37
9863,-27,-33
9887,-29,-30
9868,-29,-28
9868,-32,-29
9889,-41,-32
9881,-38,-35
9896,-49,-40
9878,-49,-44
9886,-47,-45
9883,-48,-48
9889,-48,-48
9877,-48,-47
9878,-44,-47
9881,-43,-45
9929,-43,-44
9891,-50,-45
9878,-50,-46
9892,-55,-49
9880,-49,-51
9882,-45,-49
9887,-48,-49
9868,-45,-46
9861,-39,-44
9868,-32,-41
9888,-32,-37
9890,-42,-36
9872,-44,-37
9897,-53,-42
9888,-53,-48
9881,-48,-49
9892,-54,-52
9892,-54,-52
9889,-54,-52
9886,-54,-54
9866,-51,-53
9862,-40,-49
9845,-28,-43
9869,-28,-36
9865,-27,-30
9834,-19,-25
9825,-13,-21
9820,6,-13
9793,13,-3
9796,28,8
9799,38,21
9775,41,30
9773,50,39
9732,62,47
9748,75,57
9760,82,67
9777,82,75
9769,71,77
9767,68,75
9797,63,71
9775,64,66
9797,50,61
9805,39,54
9815,35,47
9801,33,39
9793,33,35
9786,39,35
9806,39,36
9822,36,36
9831,22,34
9828,11,27
9826,9,19
9846,6,12
9835,4,7
9844,-3,4
9847,-9,0
9842,-7,-3
9832,-7,-6
9820,-1,-6
9821,9,-1
9844,9,2
9859,3,5
9856,-14,1
9853,-18,-5
9859,-21,-12
9856,-20,-18
9873,-21,-20
9877,-30,-23
9873,-37,-27
9843,-37,-31
9828,-22,-31
9836,-3,-24
9857,-3,-16
9874,-10,-9
9853,-19,-8
9861,-23,-13
9872,-30,-20
9867,-28,-25
9872,-33,-28
9861,-33,-31
9868,-31,-31
9841,-28,-31
9832,-15,-26
9842,-5,-19
9885,-5,-13
9874,-22,-11
9855,-28,-15
9852,-28,-20
9879,-28,-26
9854,-18,-25
9854,-18,-23
9859,-20,-21
9860,-20,-19
9870,-23,-20
9848,-23,-21
9822,-18,-21
9836,-6,-17
9869,-6,-13
9865,-14,-11
9862,-27,-13
9875,-31,-19
9878,-34,-26
9856,-32,-31
9876,-39,-34
9883,-41,-36
9874,-39,-37
9866,-39,-39
9843,-34,-38
9868,-31,-35
9906,-31,-33
9891,-43,-34
9870,-44,-37
9888,-53,-42
9884,-50,-47
9886,-49,-49
9895,-51,-50
9882,-49,-49
9893,-53,-50
9886,-53,-51
9884,-49,-51
9852,-49,-51
9846,-32,-45
9891,-32,-40
9901,-35,-37
9880,-49,-37
9888,-53,-42
9903,-58,-48
9891,-53,-53
9899,-59,-55
9905,-65,-58
9879,-59,-59
9865,-53,-59
9853,-36,-53
9879,-36,-46
9896,-36,-40
9892,-49,-39
9901,-58,-44
9894,-59,-50
9898,-60,-56
9909,-63,-60
9904,-65,-61
9896,-65,-63
9883,-64,-64
9881,-53,-61
9878,-46,-57
9892,-46,-52
9915,-50,-48
9883,-51,-48
9899,-59,-51
9901,-64,-56
9897,-62,-59
9902,-64,-62
9910,-65,-63
9900,-65,-64
9890,-65,-64
9895,-61,-64
9877,-56,-61
9908,-56,-59
9929,-65,-59
9897,-66,-60
9913,-74,-65
9898,-69,-68
9908,-67,-69
9904,-70,-70
9916,-70,-69
9903,-70,-69
9905,-68,-69
9869,-68,-69
9895,-63,-67
9909,-64,-65
9918,-66,-65
9905,-71,-66
9911,-74,-68
9908,-73,-71
9901,-70,-72
9924,-73,-72
9906,-71,-71
9918,-76,-72
9914,-80,-75
9891,-74,-75
9882,-66,-74
9903,-61,-70
9920,-61,-65
9907,-69,-64
9913,-74,-66
9908,-74,-69
9906,-71,-72
9917,-74,-73
9908,-72,-72
9925,-76,-73
9909,-77,-74
9885,-72,-74
9876,-61,-71
9911,-61,-67
9916,-62,-64
9904,-71,-63
9894,-71,-66
9917,-74,-69
9904,-68,-71
9915,-73,-71
9919,-80,-73
9905,-74,-73
9894,-74,-75
9871,-63,-72
9873,-47,-64
9834,-36,-55
9868,-33,-44
9850,-23,-34
9799,-6,-24
9811,5,-14
9788,31,1
9790,41,17
9791,45,30
9791,45,40
9795,45,44
9790,45,45
9761,45,45
9757,60,48
9801,60,52
9799,56,55
9780,46,55
9800,36,49
9829,36,43
9821,25,35
9829,11,27
9839,7,19
9852,2,11
9842,-4,4
9826,-4,0
9825,2,-1
9845,2,-1
9862,0,0
9854,-13,-2
9850,-16,-6
9867,-22,-12
9854,-18,-17
9862,-22,-19
9872,-28,-22
9870,-30,-24
9874,-35,-28
9859,-35,-32
9847,-28,-32
9849,-18,-29
9874,-18,-24
9872,-24,-22
9871,-35,-23
9870,-35,-28
9886,-35,-32
9862,-34,-34
9873,-35,-34
9876,-38,-35
9869,-35,-35
9875,-38,-36
9865,-36,-36
9875,-36,-36
9881,-39,-37
9881,-42,-38
9883,-45,-40
9872,-45,-42
9885,-46,-44
9880,-45,-45
9884,-46,-45
9864,-46,-45
9846,-36,-43
9845,-19,-36
9886,-19,-30
9885,-29,-25
9878,-45,-28
9883,-48,-35
9873,-44,-41
9861,-39,-44
9884,-42,-43
9892,-42,-41
9881,-46,-42
9868,-46,-44
9860,-38,-43
9854,-28,-39
9888,-28,-35
9877,-32,-31
9878,-41,-32
9878,-42,-35
9871,-41,-39
9876,-41,-41
9885,-41,-41
9898,-44,-41
9884,-48,-43
9882,-48,-45
9860,-47,-46
9848,-35,-44
9879,-33,-40
9891,-33,-37
9885,-46,-36
9880,-46,-39
9899,-52,-44
9890,-51,-48
9901,-58,-51
9896,-61,-55
9899,-61,-57
9884,-61,-60
9881,-54,-59
9859,-46,-55
9894,-46,-51
9904,-51,-49
9904,-63,-51
9892,-63,-55
9910,-68,-61
9891,-62,-64
9913,-65,-64
9906,-72,-66
9913,-73,-68
9905,-73,-70
9887,-69,-71
9860,-60,-68
9900,-57,-64
9911,-57,-60
9909,-68,-60
9896,-68,-62
9918,-74,-66
9891,-66,-69
9911,-67,-68
9906,-72,-69
9909,-71,-69
9909,-73,-70
9889,-71,-71
9886,-63,-69
9865,-51,-64
9900,-51,-59
9914,-57,-55
9892,-60,-54
9892,-60,-57
9914,-67,-61
9920,-67,-63
9920,-81,-68
9899,-81,-74
9918,-83,-78
9892,-72,-79
9867,-59,-73
9890,-55,-67
9916,-55,-60
9919,-67,-59
9900,-72,-62
9932,-81,-68
9921,-84,-76
9925,-87,-81
9910,-87,-84
9902,-79,-84
9893,-70,-80
9907,-68,-76
9876,-61,-69
9868,-48,-61
9923,-55,-58
9918,-61,-56
9898,-72,-59
9908,-77,-66
9897,-67,-69
9920,-67,-70
9917,-76,-71
9921,-82,-73
9891,-82,-76
9896,-70,-77
9873,-57,-72
9918,-57,-66
9917,-70,-63
9905,-75,-64
9912,-78,-70
9938,-78,-75
9903,-72,-75
9928,-84,-78
9929,-92,-81
9929,-92,-85
9917,-92,-90
9921,-89,-91
9886,-83,-89
9892,-68,-83
9929,-70,-77
9909,-64,-71
9930,-83,-71
9912,-84,-75
9928,-84,-78
9927,-91,-85
9925,-90,-87
9924,-90,-88
9923,-88,-89
9912,-87,-88
9945,-87,-88
9920,-85,-86
9898,-80,-84
9908,-78,-82
9890,-67,-77
9873,-58,-70
9863,-45,-62
9846,-32,-50
9829,-18,-38
9819,-1,-24
9797,12,-9
9769,28,5
9766,53,23
9787,58,37
9780,61,50
9776,58,57
9762,58,58
9792,58,58
9785,55,57
9803,47,54
9788,46,51
9824,40,47
9805,32,41
9811,28,36
9809,26,31
9808,27,28
9835,26,26
9821,21,25
9840,8,20
9843,-1,13
9851,-5,5
9837,-5,0
9861,-11,-5
9856,-17,-9
9865,-22,-13
9846,-22,-18
9848,-16,-19
9844,-11,-17
9869,-11,-15
9872,-22,-15
9874,-34,-19
9867,-34,-25
9861,-33,-30
9866,-30,-32
9861,-27,-31
9884,-27,-29
9881,-37,-30
9868,-38,-32
9847,-38,-35
9858,-27,-35
9876,-27,-32
9884,-31,-30
9875,-39,-31
9889,-44,-35
9883,-47,-40
9881,-46,-44
9873,-46,-45
9884,-46,-46
9881,-45,-45
9875,-42,-44
9874,-42,-43
9849,-38,-41
9876,-38,-40
9876,-39,-39
9884,-40,-38
9872,-40,-39
9888,-44,-40
9887,-49,-43
9887,-51,-46
9876,-51,-48
9876,-45,-49
9872,-40,-46
9851,-38,-43
9835,-25,-37
9862,-20,-30
9891,-20,-25
9864,-27,-23
9882,-37,-26
9880,-45,-32
9885,-45,-38
9897,-47,-43
9882,-47,-46
9887,-50,-47
9881,-48,-48
9890,-48,-48
9860,-48,-48
9850,-34,-44
9887,-37,-41
9890,-37,-39
9874,-44,-38
9900,-52,-42
9885,-51,-46
9885,-49,-49
9909,-56,-52
9908,-60,-54
9888,-62,-56
9881,-62,-60
9857,-48,-58
9878,-43,-53
9905,-43,-49
9900,-53,-46
9888,-58,-49
9900,-64,-54
9903,-64,-59
9897,-62,-62
9913,-65,-63
9910,-70,-65
9906,-72,-67
9903,-72,-69
9870,-68,-70
9874,-52,-66
9890,-46,-59
9909,-46,-53
9908,-63,-51
9896,-66,-55
9922,-72,-61
9902,-69,-67
9910,-70,-69
9906,-72,-70
9910,-72,-70
9891,-72,-71
9883,-62,-69
9887,-53,-64
9885,-50,-59
9910,-50,-53
9909,-62,-53
9898,-67,-57
9894,-67,-61
9914,-67,-65
9930,-70,-67
9919,-80,-71
9912,-80,-74
9920,-83,-78
9870,-79,-80
9887,-63,-76
9895,-55,-70
9907,-55,-63
9906,-64,-59
9913,-70,-61
9913,-74,-65
9908,-74,-70
9920,-77,-73
9907,-74,-74
9918,-77,-75
9929,-83,-77
9906,-76,-77
9894,-76,-78
9887,-64,-74
9897,-59,-68
9931,-59,-64
9902,-63,-61
9920,-75,-64
9910,-79,-69
9911,-74,-72
9919,-79,-76
9909,-74,-76
9928,-79,-76
9903,-78,-77
9879,-70,-75
9881,-56,-70
9906,-56,-65
9913,-57,-59
9917,-73,-60
9921,-79,-66
9916,-80,-72
9921,-83,-78
9916,-82,-81
9916,-80,-81
9922,-82,-81
9927,-83,-81
9905,-83,-82
9912,-81,-82
9899,-72,-79
9924,-72,-77
9916,-78,-75
9905,-74,-74
9920,-82,-76
9921,-82,-79
9924,-84,-80
9916,-84,-83
9918,-83,-83
9930,-85,-84
9907,-81,-83
9900,-76,-81
9895,-67,-77
9920,-67,-72
9906,-67,-69
9905,-69,-67
9911,-72,-68
9899,-69,-69
9898,-66,-69
9888,-62,-67
9866,-57,-63
9848,-41,-56
9842,-21,-45
9804,-9,-32
9752,13,-14
9778,45,7
9777,58,26
9763,66,45
9752,66,58
9759,75,66
9758,77,71
9771,77,73
9777,71,75
9771,65,72
9774,63,69
9758,63,65
9753,71,65
9770,72,67
9816,72,69
9787,57,68
9818,34,58
9826,19,45
9834,14,31
9831,7,18
9851,3,10
9854,-6,4
9846,-12,-2
9835,-12,-6
9836,-5,-8
9840,-2,-7
9873,-2,-5
9861,-14,-5
9839,-14,-8
9848,-18,-12
9879,-18,-16
9864,-20,-17
9860,-26,-20
9866,-29,-23
9865,-28,-25
9866,-29,-28
9840,-29,-28
9830,-16,-25
9878,-17,-22
9871,-19,-20
9859,-29,-20
9868,-33,-24
9882,-33,-28
9853,-27,-30
9858,-27,-30
9871,-28,-28
9865,-25,-26
9869,-31,-27
9849,-31,-28
9855,-24,-27
9870,-26,-28
9884,-26,-26
9868,-33,-27
9864,-33,-29
9881,-38,-32
9884,-38,-35
9851,-36,-36
9866,-37,-37
9862,-28,-34
9872,-28,-32
9868,-31,-31
9854,-29,-29
9862,-29,-29
9865,-27,-29
9857,-23,-27
9856,-23,-25
9894,-25,-24
9873,-29,-25
9871,-36,-28
9874,-37,-31
9881,-37,-34
9871,-36,-36
9869,-36,-36
9848,-34,-35
9844,-22,-32
9887,-22,-28
9875,-25,-25
9872,-37,-26
9858,-37,-30
9883,-37,-34
9876,-38,-37
9883,-43,-38
9891,-47,-41
9869,-43,-42
9881,-46,-44
9878,-43,-44
9859,-37,-42
9871,-38,-41
9887,-38,-39
9884,-41,-38
9880,-46,-40
9898,-49,-43
9876,-46,-45
9895,-51,-48
9891,-57,-50
9895,-57,-52
9889,-57,-55
9876,-54,-56
9861,-46,-53
9866,-35,-48
9900,-35,-42
9905,-47,-40
9893,-60,-44
9894,-61,-50
9900,-61,-57
9905,-61,-60
9909,-66,-62
9896,-66,-63
9921,-71,-66
9872,-66,-67
9867,-48,-62
9869,-34,-54
9897,-34,-45
9919,-47,-40
9884,-54,-42
9895,-60,-48
9900,-61,-55
9897,-60,-58
9902,-62,-60
9896,-62,-61
9904,-63,-61
9910,-67,-63
9872,-64,-64
9874,-53,-61
9864,-37,-55
9897,-37,-47
9903,-49,-44
9901,-63,-46
9922,-66,-53
9909,-70,-62
9916,-76,-68
9912,-78,-72
9916,-78,-75
9906,-78,-77
9907,-73,-76
9884,-70,-74
9881,-59,-70
9923,-59,-65
9903,-57,-61
9894,-62,-59
9923,-77,-63
9921,-76,-68
9911,-80,-73
9914,-81,-78
9926,-81,-79
9908,-76,-79
9907,-75,-78
9892,-71,-75
9875,-63,-71
9911,-63,-68
9914,-65,-65
9899,-69,-65
9911,-75,-68
9926,-76,-71
9924,-81,-75
9916,-84,-79
9927,-89,-82
9922,-87,-85
9906,-83,-85
9885,-78,-84
9889,-61,-77
9910,-61,-70
9909,-63,-65
9907,-72,-64
9909,-73,-67
9905,-72,-70
9907,-71,-72
9915,-72,-72
9934,-75,-72
9918,-80,-74
9901,-80,-76
9875,-73,-77
9827,-52,-71
9845,-24,-57
9851,-12,-40
9814,0,-22
9796,6,-7
9799,29,5
9795,38,18
9786,40,28
9788,44,37
9776,49,42
9780,53,46
9756,58,51
9758,69,57
9782,67,61
9771,71,66
9780,60,66
9807,55,63
9790,51,59
9804,39,51
9816,30,43
9834,26,36
9834,11,26
9846,2,17
9822,2,10
9801,8,5
9843,3,3
9852,3,4
9855,-11,0
9849,-14,-4
9872,-17,-9
9867,-25,-16
9851,-23,-19
9861,-28,-23
9862,-25,-25
9865,-25,-25
9869,-27,-26
9849,-27,-26
9839,-21,-25
9875,-23,-24
9880,-26,-24
9869,-36,-26
9884,-41,-31
9860,-38,-35
9847,-28,-35
9880,-34,-35
9876,-32,-33
9881,-42,-34
9867,-42,-37
9835,-35,-37
9850,-22,-35
9863,-20,-29
9881,-20,-24
9887,-36,-24
9875,-42,-29
9886,-47,-36
9885,-49,-43
9874,-44,-45
9880,-46,-46
9861,-41,-45
9878,-40,-42
9866,-36,-40
9841,-27,-36
9847,-20,-30
9841,-8,-22
9878,-8,-15
9890,-26,-15
9865,-35,-19
9875,-40,-27
9872,-37,-34
9865,-32,-36
9871,-35,-36
9873,-35,-34
9874,-36,-34
9864,-36,-35
9857,-32,-34
9832,-24,-32
9891,-24,-29
9879,-32,-28
9877,-42,-30
9886,-46,-36
9882,-44,-41
9876,-43,-43
9878,-44,-44
9888,-44,-43
9893,-47,-44
9875,-47,-45
9852,-45,-45
9858,-30,-42
9901,-30,-38
9906,-43,-37
9913,-67,-42
9906,-70,-52
9903,-70,-62
9901,-68,-68
9908,-68,-69
9901,-66,-68
9906,-67,-67
9898,-67,-67
9900,-64,-66
9872,-63,-65
9864,-49,-60
9887,-43,-54
9911,-43,-49
9905,-60,-48
9894,-63,-52
9905,-69,-58
9888,-63,-63
9898,-60,-63
9900,-63,-63
9910,-63,-62
9882,-63,-62
9870,-55,-61
9879,-44,-56
9919,-44,-51
9913,-60,-50
9909,-75,-55
9919,-80,-64
9911,-76,-72
9892,-74,-76
9907,-73,-75
9910,-72,-73
9927,-72,-72
9911,-74,-72
9911,-75,-73
9897,-75,-74
9886,-68,-73
9926,-68,-71
9925,-75,-71
9896,-74,-71
9907,-80,-74
9923,-79,-77
9917,-76,-77
9917,-81,-79
9917,-81,-79
9923,-81,-79
9906,-81,-81
9893,-75,-79
9896,-65,-75
9921,-65,-71
9922,-72,-69
9893,-72,-68
9908,-78,-71
9903,-69,-72
9904,-67,-71
9891,-67,-70
9898,-64,-66
9871,-58,-64
9832,-45,-58
9849,-24,-47
9841,-9,-34
9829,0,-19
9826,1,-8
9793,8,0
9786,26,8
9772,46,20
9763,57,34
9766,67,49
9771,67,59
9774,67,64
9741,67,67
9735,80,70
9756,87,75
9783,87,80
9762,77,82
9771,69,80
9779,61,73
9772,64,67
9804,60,63
9805,44,57
9812,31,49
9806,30,41
9820,27,33
9802,27,28
9816,25,27
9819,18,24
9831,18,22
9831,11,18
9835,5,13
9834,3,9
9824,3,5
9836,1,3
9839,1,2
9837,0,1
9821,0,0
9834,0,0
9813,8,2
9814,18,6
9826,16,10
9839,16,14
9839,3,13
9841,-3,8
9844,-4,3
9853,-6,-2
9847,-9,-5
9846,-10,-7
9837,-10,-8
9854,-10,-9
9827,-5,-8
9839,-2,-6
9868,-10,-6
9841,-4,-5
9844,-6,-5
9856,-14,-8
9832,-6,-7
9860,-14,-10
9864,-22,-14
9857,-22,-16
9856,-22,-20
9835,-20,-21
9816,-9,-18
9854,-8,-14
9868,-8,-11
9856,-19,-11
9858,-21,-14
9860,-23,-17
9852,-21,-21
9836,-19,-21
9865,-20,-20
9865,-22,-20
9862,-27,-22
9856,-27,-24
9831,-23,-24
9840,-12,-22
9855,-11,-18
9858,-11,-14
9858,-20,-13
9864,-22,-16
9853,-22,-18
9852,-19,-20
9875,-22,-21
9869,-25,-22
9868,-32,-24
9870,-33,-28
9877,-33,-30
9847,-33,-32
9887,-37,-34
9885,-45,-37
9889,-50,-41
9888,-51,-45
9888,-52,-49
9890,-52,-51
9879,-52,-51
9901,-53,-52
9892,-55,-53
9899,-59,-54
9866,-59,-56
9858,-43,-54
9857,-26,-46
9885,-26,-38
9895,-35,-32
9868,-40,-31
9890,-51,-38
9887,-52,-44
9877,-46,-47
9904,-52,-50
9884,-49,-49
9887,-49,-49
9877,-49,-49
9862,-44,-47
9869,-37,-44
9883,-37,-41
9888,-40,-39
9880,-45,-39
9875,-45,-41
9886,-47,-44
9890,-47,-46
9894,-52,-47
9881,-52,-49
9891,-54,-51
9892,-55,-53
9887,-53,-53
9889,-54,-54
9884,-52,-53
9879,-49,-52
9896,-50,-51
9876,-45,-49
9899,-51,-48
9899,-61,-51
9909,-63,-55
9882,-63,-59
9877,-54,-60
9851,-43,-55
9878,-41,-50
9895,-41,-44
9889,-47,-43
9885,-51,-45
9884,-51,-47
9900,-51,-50
9892,-52,-51
9890,-55,-52
9899,-59,-54
9888,-55,-55
9865,-53,-55
9872,-44,-52
9879,-39,-47
9902,-39,-43
9891,-49,-42
